Keyword,Search Volume,CPC ($),PPC Budget Cost ($/mo)
air conditioning repair Palm Springs,390,1.38,161
Palm Springs air conditioning repair,390,1.38,161
air conditioning repair Palm Desert,260,12.84,1002
Palm Desert air conditioning repair,260,12.87,1004
air conditioning repair Indio,140,5,210
Indio air conditioning repair,10,0,0
air conditioning repair Cathedral City,20,0,0
air conditioning repair La Quinta,70,16.4,344
La Quinta air conditioning repair,10,0,0
air conditioning repair Coachella,30,16.51,149
air conditioning repair Indian Wells,20,0,0
air conditioning repair Rancho Mirage,40,0,0
air conditioning repair Desert Hot Springs,70,14.68,308
air conditioning service Palm Springs,140,6.74,283
Palm Springs air conditioning service,110,29.32,968
air conditioning service Palm Desert,110,22.56,744
Palm Desert air conditioning service,110,22.65,747
air conditioning service Indio,70,0,0
air conditioning service Cathedral City,10,0,0
La Quinta air conditioning service,10,0,0
hvac services La Quinta,10,0,0
air duct cleaning Palm Springs,70,7.33,154
air duct cleaning Palm Desert,70,5.29,111
hvac maintenance Palm Springs,10,0,0
hvac maintenance Palm Desert,10,0,0
hvac maintenance Indio,10,0,0
air conditioner service Palm Desert,90,10.83,292
air conditioner service Indio,70,0,0
air conditioner service La Quinta,20,0,0
air conditioner service Desert Hot Springs,20,0,0
air conditioner repair Palm Springs,390,1.38,161
air conditioner repair Palm Desert,260,12.82,1000
air conditioner repair Indio,140,5,210
Indio air conditioner repair,10,0,0
duct cleaning Palm Springs,70,7.33,154
duct cleaning Palm Desert,70,5.29,111
Palm Desert duct cleaning,70,5.3,111
furnace repair Palm Springs,30,0,0
furnace repair Palm Desert,20,0,0
Palm Desert furnace repair,20,0,0
furnace repair Indio,10,0,0
furnace repair Cathedral City,10,0,0
furnace repair La Quinta,10,0,0
furnace repair Coachella,20,0,0
Coachella furnace repair,10,0,0
furnace repair Indian Wells,20,0,0
furnace repair Rancho Mirage,10,0,0
furnace repair Thousand Palms,10,0,0
Indio commercial hvac,10,0,0
heat pump repair Palm Springs,10,0,0
,3850,,
