Keyword,Search Volume,CPC ($),PPC Budget Cost ($/mo)
"air conditioning repair Palm Desert",260,12.84,1002
"Palm Desert air conditioning repair",260,12.87,1004
"air conditioning repair Rancho Mirage",40,0.00,0
"air conditioning repair La Quinta",70,16.40,344
"La Quinta air conditioning repair",10,0.00,0
"air conditioning repair Cathedral City",20,0.00,0
"air conditioning repair Indio",140,5.00,210
"Indio air conditioning repair",10,0.00,0
"air conditioning repair Coachella",30,16.51,149
"air conditioning repair Palm Springs",390,1.38,161
"Palm Springs air conditioning repair",390,1.38,161
"air conditioning repair Desert Hot Springs",70,14.68,308
"air conditioning service Palm Desert",110,22.56,744
"Palm Desert air conditioning service",110,22.65,747
"air conditioning service Rancho Mirage",10,0.00,0
"La Quinta air conditioning service",10,0.00,0
"air conditioning service Cathedral City",10,0.00,0
"air conditioning service Indio",70,0.00,0
"air conditioning service Palm Springs",140,6.74,283
"Palm Springs air conditioning service",110,29.32,968
"air conditioning service Desert Hot Springs",20,16.09,97
"ac service Palm Desert",110,9.13,301
"ac service Rancho Mirage",10,0.00,0
"ac service La Quinta",20,29.33,176
"ac service Cathedral City",10,0.00,0
"ac service Indio",50,16.09,241